scenario_name,facility_count,borrower_count,base_ead,stressed_ead,base_expected_loss,stressed_expected_loss,incremental_expected_loss,base_pd_weighted,stressed_pd_weighted,base_lgd_weighted,stressed_lgd_weighted,expected_loss_uplift_pct
Base,12,12,8120000.0,8120000.0,58118.55,58118.55,0.0,0.02197105911330049,0.02197105911330049,0.2985837438423645,0.2985837438423645,0.0
Mild downturn,12,12,8120000.0,8486250.0,58118.55,109031.3938534257,50912.84385342569,0.02197105911330049,0.03218160280600973,0.2985837438423645,0.3739863646365291,0.876017103892401
Severe downturn,12,12,8120000.0,8630000.0,58118.55,254047.62172979326,195929.0717297932,0.02197105911330049,0.05546955330243338,0.2985837438423645,0.5046538766137623,3.3711968335375406
